<?xml version='1.0' encoding='UTF-8'?>
<widget xmlns="http://www.w3.org/ns/widgets" xmlns:intelxdk="http://xdk.intel.com/ns/v1" id="com.intel.appx.webapp.xwalk15" version="0.0.1" android-versionCode="1">
<!--This file is generated by the Intel XDK. Do not edit this file as your edits will be lost.           -->
<!--To change the contents of this file, see the documentation on the intelxdk.config.additions.xml file.-->
<intelxdk:version value="1.0"/>
<intelxdk:cordova-cli version="4.1.2"/>
<name>AP Debug x15 Web App</name>
<content src="index.html"/>
<access origin="*"/>
<preference name="android-minSdkVersion" value="14"/>
<preference name="android-targetSdkVersion" value="19"/>
<preference name="android-installLocation" value="auto"/>
<intelxdk:crosswalk version="15"/>
<!--creationInfo:{"src":"","projectTypeName":"com.intel.xdk.projecttype.webapp"}-->
<preference name="debuggable" value="false"/></widget>